-- MySQL dump 10.16  Distrib 10.1.26-MariaDB, for debian-linux-gnu (x86_64)
--
-- Host: consoledb    Database: authentica
-- ------------------------------------------------------
-- Server version	10.1.23-MariaDB-9+deb9u1

/*!40101 SET @OLD_CHARACTER_SET_CLIENT=@@CHARACTER_SET_CLIENT */;
/*!40101 SET @OLD_CHARACTER_SET_RESULTS=@@CHARACTER_SET_RESULTS */;
/*!40101 SET @OLD_COLLATION_CONNECTION=@@COLLATION_CONNECTION */;
/*!40101 SET NAMES utf8mb4 */;
/*!40103 SET @OLD_TIME_ZONE=@@TIME_ZONE */;
/*!40103 SET TIME_ZONE='+00:00' */;
/*!40014 SET @OLD_UNIQUE_CHECKS=@@UNIQUE_CHECKS, UNIQUE_CHECKS=0 */;
/*!40014 SET @OLD_FOREIGN_KEY_CHECKS=@@FOREIGN_KEY_CHECKS, FOREIGN_KEY_CHECKS=0 */;
/*!40101 SET @OLD_SQL_MODE=@@SQL_MODE, SQL_MODE='NO_AUTO_VALUE_ON_ZERO' */;
/*!40111 SET @OLD_SQL_NOTES=@@SQL_NOTES, SQL_NOTES=0 */;

--
-- Table structure for table `auth_log`
--

DROP TABLE IF EXISTS `auth_log`;
/*!40101 SET @saved_cs_client     = @@character_set_client */;
/*!40101 SET character_set_client = utf8 */;
CREATE TABLE `auth_log` (
  `auth_idx` int(11) NOT NULL AUTO_INCREMENT,
  `user_idx` int(11) NOT NULL,
  `auth_type` enum('signIn','issueCert','revokeCert','downloadCert','downloadRootCA','createDomain','register','createDomainDevice') NOT NULL,
  `domain_name` varchar(128) DEFAULT NULL,
  `common_name` varchar(128) DEFAULT NULL,
  `register_date` timestamp NOT NULL DEFAULT CURRENT_TIMESTAMP ON UPDATE CURRENT_TIMESTAMP,
  PRIMARY KEY (`auth_idx`),
  KEY `user_idx` (`user_idx`) USING BTREE
) ENGINE=InnoDB AUTO_INCREMENT=69 DEFAULT CHARSET=latin1;
/*!40101 SET character_set_client = @saved_cs_client */;

--
-- Dumping data for table `auth_log`
--

LOCK TABLES `auth_log` WRITE;
/*!40000 ALTER TABLE `auth_log` DISABLE KEYS */;
INSERT INTO `auth_log` VALUES (1,1,'signIn',NULL,NULL,'2017-09-27 01:17:38'),(2,19,'register',NULL,NULL,'2017-09-27 01:50:13'),(4,19,'createDomain','dkseo-factory',NULL,'2017-09-27 01:52:47'),(5,19,'downloadRootCA','SmartFactory',NULL,'2017-09-27 01:56:10'),(6,19,'signIn',NULL,NULL,'2017-09-27 02:00:00'),(7,19,'issueCert','dkseo-factory','dkseoCert1','2017-09-27 02:01:40'),(8,19,'issueCert','dkseo-factory','dkseoCert1','2017-09-27 02:01:40'),(9,19,'issueCert','dkseo-factory','dkseoCert2','2017-09-27 02:05:46'),(10,19,'issueCert','dkseo-factory','dkseoCert2','2017-09-27 02:05:46'),(11,19,'issueCert','dkseo-factory','dkseoCert3','2017-09-27 02:08:06'),(12,19,'issueCert','dkseo-factory','dkseoCert3','2017-09-27 02:08:06'),(13,19,'issueCert','dkseo-factory','dkseoCert4','2017-09-27 02:09:20'),(14,19,'issueCert','dkseo-factory','dkseoCert5','2017-09-27 02:10:16'),(15,19,'downloadCert','dkseo-factory','dkseoCert5','2017-09-27 02:10:16'),(16,19,'downloadCert','dkseo-factory','dkseoCert3','2017-09-27 02:10:47'),(17,19,'revokeCert','dkseo-factory','dkseoCert3','2017-09-27 02:11:04'),(18,20,'register',NULL,NULL,'2017-09-27 06:18:54'),(19,19,'signIn',NULL,NULL,'2017-09-27 06:19:26'),(20,19,'downloadRootCA','SmartFactory',NULL,'2017-09-27 06:19:44'),(21,19,'createDomain','SmartCAR',NULL,'2017-09-27 06:25:41'),(22,19,'createDomainDevice','SmartCAR','','2017-09-27 11:41:42'),(23,19,'createDomainDevice','SmartCAR','','2017-09-27 12:51:23'),(24,19,'createDomainDevice','SmartCAR','','2017-09-27 12:51:36'),(25,19,'createDomainDevice','SmartCAR','','2017-09-27 13:05:11'),(26,19,'signIn',NULL,NULL,'2017-09-27 15:36:56'),(27,19,'issueCert','dkseo-factory','q11','2017-09-27 15:37:26'),(28,19,'downloadCert','dkseo-factory','q11','2017-09-27 15:37:26'),(29,19,'signIn',NULL,NULL,'2017-09-27 22:01:15'),(30,19,'downloadRootCA','SmartCar',NULL,'2017-09-28 00:05:41'),(31,19,'revokeCert','dkseo-factory','q11','2017-09-28 00:15:20'),(32,19,'downloadCert','dkseo-factory','dkseoCert5','2017-09-28 00:17:31'),(33,19,'issueCert','dkseo-factory','qwe123','2017-09-28 00:21:44'),(34,19,'downloadCert','dkseo-factory','q11','2017-09-28 00:21:44'),(35,19,'createDomainDevice','SmartCAR','','2017-09-28 01:38:47'),(36,19,'createDomainDevice','SmartCAR','','2017-09-28 01:50:44'),(37,19,'createDomainDevice','SmartCAR','','2017-09-28 02:07:17'),(38,19,'createDomainDevice','SmartCAR','','2017-09-28 02:09:43'),(39,19,'createDomainDevice','SmartCAR','','2017-09-28 02:13:13'),(40,19,'createDomainDevice','SmartCAR','','2017-09-28 02:13:36'),(41,19,'createDomainDevice','SmartCAR','','2017-09-28 02:14:20'),(42,19,'issueCert','(SmartCAR) test66','abcd2 - pseudonym','2017-09-28 05:56:18'),(43,19,'issueCert','(SmartCAR) test66','bbb1 - pseudonym','2017-09-28 06:03:19'),(44,19,'issueCert','(SmartCAR) test66','bbb2 - pseudonym','2017-09-28 06:08:36'),(45,19,'issueCert','(SmartCAR) test66','bbb3 - pseudonym','2017-09-28 06:12:56'),(46,19,'issueCert','(SmartCAR) test666','bbb11 - indentification','2017-09-28 06:20:00'),(47,19,'issueCert','(SmartCAR) test888','ccc111 - rse_application','2017-09-28 06:50:19'),(48,19,'issueCert','(SmartCAR) test888','ccc112 - rse_application','2017-09-28 07:01:45'),(49,19,'issueCert','(SmartCAR) test888','ddd1 - rse_application','2017-09-28 07:05:18'),(50,19,'issueCert','(SmartCAR) test888','eee1 - rse_application','2017-09-28 07:07:18'),(51,19,'issueCert','(SmartCAR) test888','test1 - rse_application','2017-09-28 07:49:18'),(52,19,'issueCert','(SmartCAR) test666','pseu_test111 - pseudonym','2017-09-28 07:50:27'),(53,19,'issueCert','(SmartCAR) test888','test2 - rse_application','2017-09-28 08:31:08'),(54,19,'issueCert','(SmartCAR) test888','ttt111 - rse_application','2017-09-28 08:45:51'),(55,19,'issueCert','(SmartCAR) test888','dkseo1234 - rse_application','2017-09-28 08:46:31'),(56,19,'issueCert','(SmartCAR) test666','ppp222 - pseudonym','2017-09-28 08:47:41'),(57,19,'issueCert','(SmartCAR) ???','engCert - rse_application','2017-09-28 08:51:00'),(58,19,'issueCert','(SmartCAR) test888','test - rse_application','2017-09-28 10:09:53'),(59,19,'issueCert','(SmartCAR) test77','zaq123 - rse_application','2017-09-28 10:25:26'),(60,19,'issueCert','(SmartCAR) test66','rewq11 - indentification','2017-09-28 10:28:14'),(61,19,'downloadCert','(SmartCar)test66','rewq11 - identification','2017-09-28 17:12:27'),(62,19,'downloadCert','(SmartCar)test66','rewq11 - identification','2017-09-28 17:14:04'),(63,19,'downloadCert','(SmartCar) test888','test - rseApplication','2017-09-28 17:16:57'),(64,19,'downloadCert','(SmartCar) test666','ppp222 - pseudonym','2017-09-28 17:17:26'),(65,19,'createDomain','zzz',NULL,'2017-09-28 17:19:57'),(66,19,'createDomain','ccc',NULL,'2017-09-28 17:20:06'),(67,19,'createDomain','ccc(1)',NULL,'2017-09-28 17:20:34'),(68,19,'createDomain','zzz(1)',NULL,'2017-09-28 17:20:44');
/*!40000 ALTER TABLE `auth_log` ENABLE KEYS */;
UNLOCK TABLES;

--
-- Table structure for table `certificates`
--

DROP TABLE IF EXISTS `certificates`;
/*!40101 SET @saved_cs_client     = @@character_set_client */;
/*!40101 SET character_set_client = utf8 */;
CREATE TABLE `certificates` (
  `certificate_idx` int(10) unsigned NOT NULL AUTO_INCREMENT,
  `domain_idx` int(10) unsigned NOT NULL,
  `device_idx` int(10) unsigned DEFAULT NULL,
  `user_idx` int(10) unsigned NOT NULL,
  `common_name` varchar(128) NOT NULL,
  `common_name_origin` varchar(128) NOT NULL,
  `serial` varchar(128) DEFAULT NULL,
  `output` text,
  `status` enum('valid','revoked') NOT NULL DEFAULT 'valid',
  `register_date` timestamp NOT NULL DEFAULT CURRENT_TIMESTAMP,
  `revoked_date` timestamp NULL DEFAULT NULL,
  PRIMARY KEY (`certificate_idx`),
  KEY `domain_idx` (`domain_idx`,`user_idx`),
  KEY `device_idx` (`device_idx`)
) ENGINE=InnoDB AUTO_INCREMENT=54 DEFAULT CHARSET=utf8;
/*!40101 SET character_set_client = @saved_cs_client */;

--
-- Dumping data for table `certificates`
--

LOCK TABLES `certificates` WRITE;
/*!40000 ALTER TABLE `certificates` DISABLE KEYS */;
INSERT INTO `certificates` VALUES (3,1,NULL,1,'test222','test222','1000000000037','[\"create CIS_Jna instance result : 1\",\"generateKeyPair result : 1\",\"pprikeyLen length : 634\",\"signature : RnCOFKQdP+FQqvTn1Dl52ZTKkuc=\",\"PostData : [{\"validityPeriod\":90,\"policyName\":\"AuthentiCA-policy\",\"pkcs10Data\":\"MIIBUTCBuwIBADASMRAwDgYDVQQDEwd0ZXN0MjIyMIGfMA0GCSqGSIb3DQEBAQUAA4GNADCBiQKBgQCdGOCAvkzUm5gzrVOhkyLsbSmwqDpHZ%2BF5ZfaH9BjsvrX5dJ7uNj8qZwSxnPVUHPEYgOmfgvOqYIjGMUAlmL3aA6xPAxpDxL9%2FERgtFDYn5t%2F6hlS9Ng5VVltU6Tjf9x4IkjFQ4yszi5DepciTBresSJG0BRnGO%2Fx4UQ4ukklK6wIDAQABoAAwDQYJKoZIhvcNAQELBQADgYEAUNthgQw3CZMDEbbiopwB7f7D%2BwGVoJRzafhYY9IcIke3KKWjFyjzPwQi9nRbdyxnOHcg1bUwQOPx1d1cs2meDi1BQVQikkNJhBLeWZWoJ5qmOVgIZ922AfGlMjRJwJ3V2Y8zaf0FdSHVpSI1rj7eBC3FSFod51BUBNeClnP%2FU8M%3D\",\"subjectCN\":\"test222\"}]\",\"signature : 6j/MEalH0yqhp4epVxZ9KCP/auE=\",\"PostData : [{\"serial\":\"1000000000037\"}]\",\"[{serial=1000000000037, resultCode=5000, subjectDN=CN=test222,OU=picl,O=pentasecurity,C=KR}]\"]','valid','2017-09-04 04:01:42',NULL),(4,1,NULL,1,'dkseo1','dkseo1','1000000000038','[\"create CIS_Jna instance result : 1\",\"generateKeyPair result : 1\",\"pprikeyLen length : 630\",\"signature : 28iTEGrxqHPIxQIW4b1fa1781Go=\",\"PostData : [{\"validityPeriod\":90,\"policyName\":\"AuthentiCA-policy\",\"pkcs10Data\":\"MIIBTzCBuQIBADARMQ8wDQYDVQQDEwZka3NlbzEwgZ4wDQYJKoZIhvcNAQEBBQADgYwAMIGIAoGAcWQA6itiy1%2FiqQZfqsyH2AfSFLDiTX8WZeVBhwGK4JRKPcdGqYd52NU5qH7HrTQGa7QvvegqGjjxC7qbFyrPT7KgLjM5uDzD%2FWr33VHj2Ss5HAbHbouMiNMvqQKsqZivCmPcP8mJummITVLz3OyZabI8uNQUuMASZd%2FTtIm2NfcCAwEAAaAAMA0GCSqGSIb3DQEBCwUAA4GBAFqA5ygwez09r%2FknS9%2F9vZm0H0nQCPZbyLtE4gsKsBPOntwuuQjp5gqGMMCvNCoaTcD7S7%2B5eix5MEOffHRTB5q9sm1Qvhj4upjxqYFAdvD8U5qVqjXtP6swx2uQuN%2BX3b4WbQjaqPn324U50U8Tqrvo30sKLSi2PWQH%2FM%2Foz0qI\",\"subjectCN\":\"dkseo1\"}]\",\"signature : yqEvboZjNMxPk6zFT4IBVf1MUvc=\",\"PostData : [{\"serial\":\"1000000000038\"}]\",\"[{serial=1000000000038, resultCode=5000, subjectDN=CN=dkseo1,OU=picl,O=pentasecurity,C=KR}]\"]','valid','2017-09-25 04:08:40',NULL),(6,1,NULL,1,'dkseo1-2','dkseo1','1000000000041','[\"create CIS_Jna instance result : 1\",\"generateKeyPair result : 1\",\"pprikeyLen length : 634\",\"signature : IFb6T8CqIH8HFyaV35YVrsbrSbM=\",\"PostData : [{\"validityPeriod\":90,\"policyName\":\"AuthentiCA-policy\",\"pkcs10Data\":\"MIIBUjCBvAIBADATMREwDwYDVQQDEwhka3NlbzEtMjCBnzANBgkqhkiG9w0BAQEFAAOBjQAwgYkCgYEAgxQCF%2B%2F1MqCwnHbx7ufVr6%2BwHXjsSBQjXPb1dlITtqktuVS%2FO44c4bVODGANLtCRaYGt%2Bp8rE%2BsGdwSM6are8UN9pOnsSVft%2FsdDKG6RPpBP6jSBjoLh9HKb%2BMugguke51WUXKvUnKahikzYzLbAw9gl9lu453njzfsnh6vROKECAwEAAaAAMA0GCSqGSIb3DQEBCwUAA4GBADXxGCXIRpbUkjJMoeDReG0L5zorgkwxBv9ZpWvxvOcrU1siod0q9EdT5uwQbzyrd76j8COT59xyOQnRmsUZYWHkKGJs3x4rbSiNuzuSXyqydPWZ3kEKzUdpnq229dGG%2Fjs0VZW%2FL6UaI8gB9pzTeb6Qp2Qpm5hSv2Cy%2ByNW80uU\",\"subjectCN\":\"dkseo1-2\"}]\",\"signature : 3CvuNVlCoB/6zzovK6UH+enTmfw=\",\"PostData : [{\"serial\":\"1000000000041\"}]\",\"[{serial=1000000000041, resultCode=5000, subjectDN=CN=dkseo1-2,OU=picl,O=pentasecurity,C=KR}]\"]','valid','2017-09-25 04:11:55',NULL),(7,1,NULL,1,'dkseo1-3','dkseo1','1000000000042','[\"create CIS_Jna instance result : 1\",\"generateKeyPair result : 1\",\"pprikeyLen length : 632\",\"signature : RordWi7rPqAX88OSWC9fk0V+Qrc=\",\"PostData : [{\"validityPeriod\":90,\"policyName\":\"AuthentiCA-policy\",\"pkcs10Data\":\"MIIBUTCBuwIBADATMREwDwYDVQQDEwhka3NlbzEtMzCBnjANBgkqhkiG9w0BAQEFAAOBjAAwgYgCgYBiFb47PoeNXAanVHgsM01q5nCm%2BVWhGm0np4FD9ZWtPdTAslCUUEohWAFTStcMhLJlvDbLHMpCJbKybBYW%2B7%2FIUMMLGhkDijRItstHcA5Hx%2Bnfeh7TKn6tTGIJt1MVKZjHoT9atu4D9%2F8NF9lyIjLmyG4V22e%2Bcys2nNLVNRizewIDAQABoAAwDQYJKoZIhvcNAQELBQADgYEAXu4oOxOZuVRF5bsiXgGEVpdMarFcIzOLn0528gfKdq9tqXRBI9nvDNsJyQN%2Fi%2BYAE3Apd7oAZaUTZFmYMnzwqHTBiCmznKWtFztgp6%2BAGFQHs9umjshYyn4TwF4sVdz8xE%2F6lrD1qRuuZZXFNIFO01RZoanNjnZCf4DW2wkleNs%3D\",\"subjectCN\":\"dkseo1-3\"}]\",\"signature : LJ7kMVIUXN7XxwCigqYzZibi05U=\",\"PostData : [{\"serial\":\"1000000000042\"}]\",\"[{serial=1000000000042, resultCode=5000, subjectDN=CN=dkseo1-3,OU=picl,O=pentasecurity,C=KR}]\"]','valid','2017-09-25 04:15:36',NULL),(8,1,NULL,1,'dkseo1-4','dkseo1','1000000000043','[\"create CIS_Jna instance result : 1\",\"generateKeyPair result : 1\",\"pprikeyLen length : 634\",\"signature : 9ffpeQp1IJb56DWnSz2Xn9+3nU8=\",\"PostData : [{\"validityPeriod\":90,\"policyName\":\"AuthentiCA-policy\",\"pkcs10Data\":\"MIIBUjCBvAIBADATMREwDwYDVQQDEwhka3NlbzEtNDCBnzANBgkqhkiG9w0BAQEFAAOBjQAwgYkCgYEAkn5LRQgbKS%2FDnWxHjqbPC9b7uQL1tUGhGnDdOPgIKCdnA51jGRrRFDJiFJ6L8aeCilyYPHikcmhfZFYn9vesjA6uNwoGheD7ppe6W8eqGLMz8043tAjkFEnVyKKHRGB4F79nJj9CFBENnvXA4wKBUV6R2NnIeQ%2F%2Bzdkh1%2Bzws70CAwEAAaAAMA0GCSqGSIb3DQEBCwUAA4GBACwg3vre2mdsy6DQVenJsAHPmFCFouqUtbtrFvoxmS%2BufJOyqMPSkvTu66LdUZmoja5PcXo17vVYVtszJ4M%2Fqysp58%2BVsJElWCmbF1zny9tMgtRUkL%2BchynIoL7ps7cQdw%2BTxpeAOd7TnNfvO5izSDJz5dYtPbN4BCuwP08prbuX\",\"subjectCN\":\"dkseo1-4\"}]\",\"signature : Yp7r5JMnqzhc8qcn7jtbhT5+yCM=\",\"PostData : [{\"serial\":\"1000000000043\"}]\",\"[{serial=1000000000043, resultCode=5000, subjectDN=CN=dkseo1-4,OU=picl,O=pentasecurity,C=KR}]\"]','valid','2017-09-25 04:16:27',NULL),(9,1,NULL,1,'foo101','foo101','1000000000046','[\"create CIS_Jna instance result : 1\",\"generateKeyPair result : 1\",\"pprikeyLen length : 634\",\"signature : 6YxvsLaR+HgwzgRFvVyft6gsDgA=\",\"PostData : [{\"validityPeriod\":90,\"policyName\":\"AuthentiCA-policy\",\"pkcs10Data\":\"MIIBUDCBugIBADARMQ8wDQYDVQQDEwZmb28xMDEwgZ8wDQYJKoZIhvcNAQEBBQADgY0AMIGJAoGBAOdJebHc3qhMPZ%2FcNGNvLPjXicHVSPOQWoqry%2BnnH1sKkUI1TPzZyUs3Muqf3veFoDMtEJxUwJEJ5R9mqH7aBVjxwbsT8nGTrb8E8%2BBVa%2FI8FWrKUFWFySUs0Mc1jzsfFPyKgHbQOTktClA8lDu2k03p7ram4nyT27pAzuzRnCwLAgMBAAGgADANBgkqhkiG9w0BAQsFAAOBgQDfpD0GkWUqXJm1W1PoG3Or1Fi752mbCtX7MjsZJMU1R8wKMqRO5EUJ7hByhgYxDRc57WVDPt5Dh8IVN0PTYvKa8KzP23ybP4vh5%2F4yZXtfM2kAJ9sh%2ByDR48RcIKqqcj6NQW9d7pwXKWH0rOVyzNK5ofOK6pOs92msZ8lMLr1xrg%3D%3D\",\"subjectCN\":\"foo101\"}]\",\"signature : W4pLEsUtAdszJLvp+E5doDQ3Tc8=\",\"PostData : [{\"serial\":\"1000000000046\"}]\",\"[{serial=1000000000046, resultCode=5000, subjectDN=CN=foo101,OU=picl,O=pentasecurity,C=KR}]\"]','valid','2017-09-25 04:21:19',NULL),(11,1,NULL,1,'dkseo101','dkseo101','1000000000048','[\"create CIS_Jna instance result : 1\",\"generateKeyPair result : 1\",\"pprikeyLen length : 635\",\"signature : 8KiR1FxddR0hycf6iEsOipSg898=\",\"PostData : [{\"validityPeriod\":90,\"policyName\":\"AuthentiCA-policy\",\"pkcs10Data\":\"MIIBUjCBvAIBADATMREwDwYDVQQDEwhka3NlbzEwMTCBnzANBgkqhkiG9w0BAQEFAAOBjQAwgYkCgYEArkuhErc301NLEb4yxxdcDjfybnY2sn6%2BLi4STTVBpHExGkMMuWQs%2FYSezFdY9FHc3Xq1PDyIGmCWHhg4YXtr1HmlHGFmNRVCTMdKsJmKY7nJSScEu%2FiLPnbO6J3osafBcnt39tfCNELDm%2FLI2mUSjr4LjitPV5Ck1zApvtmoYsUCAwEAAaAAMA0GCSqGSIb3DQEBCwUAA4GBAJ0G3he95fzbzEPPf87GDZrZ%2FtSXBb3zhk9fgihmZQ1K%2BnMGO1h1p%2BybF17Ll3I3ZSroeCIDZ7sRHVUn2aJ4CymSO%2FISL4DpWE3wTc0SmA5cQ2e%2Fm6gF%2BzuaoS%2BJYeIJuJUflMKNxF15zlhXJnqFCjiWSeiLCt021Y3vG4GY2wFO\",\"subjectCN\":\"dkseo101\"}]\",\"signature : TYOm31C5ToQ5RX29TCccMKx2dvA=\",\"PostData : [{\"serial\":\"1000000000048\"}]\",\"[{serial=1000000000048, resultCode=5000, subjectDN=CN=dkseo101,OU=picl,O=pentasecurity,C=KR}]\"]','valid','2017-09-25 04:27:52',NULL),(12,4,NULL,1,'factoryTest','factoryTest','1000000000049','[\"create CIS_Jna instance result : 1\",\"generateKeyPair result : 1\",\"pprikeyLen length : 632\",\"signature : BUDIilrII2OQ48qpia3bzPtxDxc=\",\"PostData : [{\"validityPeriod\":90,\"policyName\":\"AuthentiCA-policy\",\"pkcs10Data\":\"MIIBVDCBvgIBADAWMRQwEgYDVQQDEwtmYWN0b3J5VGVzdDCBnjANBgkqhkiG9w0BAQEFAAOBjAAwgYgCgYB5cj1krAknP1d7nCip4DMmflnaZtO55CO1VTK5IfAbiDBfFLOMkRL701qeZE424zPX0%2FZMLshi%2BkLIDqK6nor98QryMrEtwappTABnq7QWLmlIDWwWBT07fYICxgLGxEMcfM2%2BCS47JUlmk61qwue85sWre8Xv1WwE9uGyHLE4%2BQIDAQABoAAwDQYJKoZIhvcNAQELBQADgYEAdfAIPWg%2BpJJsTgLxj7FWwHATHFxB7WsyFQ2mAyxlfNs7XcDoDvwIyeNl2FLZVuHlZwK143uaoPe7Lcy%2BqBu9%2FyLVHbrCRCSY1c%2BcSNI5HqvF2IYDV1vJmTIn6nmkJAEKkbTY1Q6AO2VYN4fQtgCI6QsNfvzp6fgHBLanx6n%2BLyY%3D\",\"subjectCN\":\"factoryTest\"}]\",\"signature : HTRemWqBv5TUFjvxSQPw+eEvMyI=\",\"PostData : [{\"serial\":\"1000000000049\"}]\",\"[{serial=1000000000049, resultCode=5000, subjectDN=CN=factoryTest,OU=picl,O=pentasecurity,C=KR}]\"]','valid','2017-09-25 07:15:20',NULL),(13,4,NULL,1,'factoryTest-1','factoryTest','1000000000050','[\"create CIS_Jna instance result : 1\",\"generateKeyPair result : 1\",\"pprikeyLen length : 634\",\"signature : nvyxQ6qHI8vQcXwWytG09yRCt8g=\",\"PostData : [{\"validityPeriod\":90,\"policyName\":\"AuthentiCA-policy\",\"pkcs10Data\":\"MIIBVzCBwQIBADAYMRYwFAYDVQQDEw1mYWN0b3J5VGVzdC0xMIGfMA0GCSqGSIb3DQEBAQUAA4GNADCBiQKBgQDCvQdmADEt5d273QuqatnFbtTsL5FdRnc4d0zHec2wJnWgCkKzfV6Q2HoETd14VOsEgICxmSH%2FCPrP3Z8BY3OWh5i2My6Bd501qnYcGszEZo4wU%2FKFW2gx19ks2as0KVCSlLK46ANPbJuj2QJY0S8d2wOgX6Oy8LS2%2B2F%2Byc2AxQIDAQABoAAwDQYJKoZIhvcNAQELBQADgYEAlktk9tnn%2Btq2Dozs6v%2FcdkrO%2Bh%2B25ouDQLof%2Fnx%2BddqaFoa1DK%2FeJg0XQ4rcMWqcmNwisx%2F%2Fr%2Bwe0O8H05%2BL0IbIVuUcv7MlrN2D0XWamBPRQGGFd67fI3l2UYTAN5hTqenn5lC1B%2FdHtsz2Ey9nUEEBq1a%2B0UrKWgYKj4wgefg%3D\",\"subjectCN\":\"factoryTest-1\"}]\",\"signature : H4onM6+7ctQQnQi06Tnc9Xe7CFo=\",\"PostData : [{\"serial\":\"1000000000050\"}]\",\"[{serial=1000000000050, resultCode=5000, subjectDN=CN=factoryTest-1,OU=picl,O=pentasecurity,C=KR}]\"]','revoked','2017-07-31 07:16:23','2017-09-26 12:04:07'),(14,4,NULL,1,'testFactory','testFactory','1000000000051','[\"create CIS_Jna instance result : 1\",\"generateKeyPair result : 1\",\"pprikeyLen length : 632\",\"signature : /69gA+ze6L6DaHToxhBIvSimBFY=\",\"PostData : [{\"validityPeriod\":90,\"policyName\":\"AuthentiCA-policy\",\"pkcs10Data\":\"MIIBVDCBvgIBADAWMRQwEgYDVQQDEwt0ZXN0RmFjdG9yeTCBnjANBgkqhkiG9w0BAQEFAAOBjAAwgYgCgYBOB8J3EdvItrYa7ULoe2jfw6vOW5kqoyPbVrjj0FTYHBGJc5ea9m9LRHtFI%2FrxZqCHsSsGdYayv%2BlhGjnj8PeYQXvnzOiECuwsbjOguqkFTMGRzD7al1gFa1s0o5V1vuP9As1NIgBykXgpwRGE%2FFq7hZJ1IJMq1WnRq5HzWUxhwQIDAQABoAAwDQYJKoZIhvcNAQELBQADgYEAGjyZAZBhTJkjxOuRCigL39qXSc3nfj7oS5C8zv29Mvh%2BHDIIAjzCgV4jUaxVRMNKKZgdLThftVIUDrkAKrEA5cdFlkFLJiK6vMxqKV2Kmz6zezqLldcovVySA4sIy0ICgvZejenVahUdBTLanV%2Ba%2BC6QDvKsOxe6VgkxRN5Ku2o%3D\",\"subjectCN\":\"testFactory\"}]\",\"signature : 23Hk3vHf5ogPDYrZ3O0VoWWORYY=\",\"PostData : [{\"serial\":\"1000000000051\"}]\",\"[{serial=1000000000051, resultCode=5000, subjectDN=CN=testFactory,OU=picl,O=pentasecurity,C=KR}]\"]','valid','2017-09-04 07:26:19',NULL),(15,4,NULL,1,'dkseo09876','dkseo09876','1000000000057','[\"create CIS_Jna instance result : 1\",\"generateKeyPair result : 1\",\"pprikeyLen length : 632\",\"signature : WD+0IVKOQ4KmYA55Yv5L3DceXIM=\",\"PostData : [{\"validityPeriod\":90,\"policyName\":\"dkseo-policy\",\"pkcs10Data\":\"MIIBVDCBvgIBADAVMRMwEQYDVQQDEwpka3NlbzA5ODc2MIGfMA0GCSqGSIb3DQEBAQUAA4GNADCBiQKBgQCWGkeZzJSvbgcQtcLZrVn92%2FdFOjdFjzOuZRITXjK3Spy675gXDOjo18fGz2Zs6cdEB6Yh7HwEAd4aTYihbK8NDpn0uAFvYLURdq5BfmruHPwO5NT7sy8%2FwLemnHnz%2FVPpbRFdv6etOuBZR%2F9J27JnMLar0uGEOIenqrgOl51QZwIDAQABoAAwDQYJKoZIhvcNAQELBQADgYEAhCdXvrq7gz7lFUHyeZWKDvFzlvXfC9FAkUym%2FzZzDzvS%2BBvIHN7AJB78MLVPLS3h2PVlGyUNKMaRcGVBYKnO1O0tuFgk2UEXZf6rQAzz8zdmRAj0zwIhgD%2BmICxpXUDJtH3QiovEY91E%2FG12ruEVZ6GY%2FvLgT276OitqYE4aClM%3D\",\"subjectCN\":\"dkseo09876\"}]\",\"signature : Vpv1KklZXxyhUlZno/zD8olmDEk=\",\"PostData : [{\"serial\":\"1000000000057\"}]\",\"[{serial=1000000000057, resultCode=5000, subjectDN=CN=dkseo09876,OU=ou1,O=o1,C=KR}]\"]','valid','2017-09-26 03:53:28',NULL),(16,4,NULL,1,'testFactory-1','testFactory','1000000000058','[\"create CIS_Jna instance result : 1\",\"generateKeyPair result : 1\",\"pprikeyLen length : 634\",\"signature : oMPk6kO/3bwrFiD+/Lyi8UmysJw=\",\"PostData : [{\"validityPeriod\":90,\"policyName\":\"dkseo-policy\",\"pkcs10Data\":\"MIIBVzCBwQIBADAYMRYwFAYDVQQDEw10ZXN0RmFjdG9yeS0xMIGfMA0GCSqGSIb3DQEBAQUAA4GNADCBiQKBgQDw3d9QedttuPv3yZuJmOSzu8UmroZI8FlrcNAgiV%2FT4RFbi1CsjJddQd%2FqHH6lqDS8n%2Fa63ejmdZJ6slzUa9IqUoyFHIZFTnHJOUMV9bP7wiiXtWikhg6s30TiFTCZdJ9dzVKDHz0Ahus%2BTbHx93TvCugESKgEQgRVR7WAQkaPGQIDAQABoAAwDQYJKoZIhvcNAQELBQADgYEAF1iOwmfI75AROSiyj7%2F%2FaZpF444JyON8WA5ezKsd5ZJVumv2oGA3BVbQhTK9P1h0fZKgzyrHyK30JHXx%2FWh1V5zOG86ya5aZzII1pfUMS0T7Hnv%2FXRA1ehNfdddi49ptOdJ1OCIGFzadsZ5mPNfIdsi7X1KomTudJ7AwMOGrAdg%3D\",\"subjectCN\":\"testFactory-1\"}]\",\"signature : Rk4BRAGBsGv1FIlobeLuUS+K6QI=\",\"PostData : [{\"serial\":\"1000000000058\"}]\",\"[{serial=1000000000058, resultCode=5000, subjectDN=CN=testFactory-1,OU=ou1,O=o1,C=KR}]\"]','valid','2017-09-26 03:54:35',NULL),(17,4,NULL,1,'testFactory-2','testFactory','1000000000059','[\"create CIS_Jna instance result : 1\",\"generateKeyPair result : 1\",\"pprikeyLen length : 633\",\"signature : o3KxCzo0HRO5pVjIl29Krgv5IfA=\",\"PostData : [{\"validityPeriod\":90,\"policyName\":\"dkseo-policy\",\"pkcs10Data\":\"MIIBVTCBvwIBADAWMRQwEgYDVQQDEwt0ZXN0RmFjdG9yeTCBnzANBgkqhkiG9w0BAQEFAAOBjQAwgYkCgYEAn4pJyVRLXiAFNChBt8zwhwMJLrPib1snodmlsxg%2BULUL%2BKv0dJY9N31RdjBWsXlx1dZv2vC3njHknyZD%2BstXqcqVsYcS3ZS1Dovad6D%2Fn4pByxClglqMIUFULn4VHpt9vwMvoi6lhM0JqX%2BVKRpA6vKCyRqCcnEaA%2BsHhFOKx2cCAwEAAaAAMA0GCSqGSIb3DQEBCwUAA4GBAEvrJaOrgeTzPzkp7QHS%2BNmhYLZteqUnXimwCIPokbpyznh73tzy8mOM%2BHkGErkyWQLRzT0h2L4bnQ%2BMW5rt5CcHjtQNiigao7vNMmrPGPtuHb0FN44Ur8HkDCmhnIpnA8yDEziktr3zSC7rqrJ6noKRGbzVhJPRhyRok4xAM44T\",\"subjectCN\":\"testFactory\"}]\",\"signature : Lar3vmOiizW/mQFi9EAAHbYwFO8=\",\"PostData : [{\"serial\":\"1000000000059\"}]\",\"[{serial=1000000000059, resultCode=5000, subjectDN=CN=testFactory,OU=ou1,O=o1,C=KR}]\"]','revoked','2017-09-26 03:55:54','2017-09-26 11:45:12'),(18,4,NULL,1,'t11','t11','1000000000060','[\"create CIS_Jna instance result : 1\",\"generateKeyPair result : 1\",\"pprikeyLen length : 633\",\"signature : dvMbL5wIwnINkwWylRbi8zlFPsA=\",\"PostData : [{\"validityPeriod\":90,\"policyName\":\"dkseo-policy\",\"pkcs10Data\":\"MIIBTDCBtgIBADAOMQwwCgYDVQQDEwN0MTEwgZ4wDQYJKoZIhvcNAQEBBQADgYwAMIGIAoGAWk9V8EcXrMcbFNAM7xM%2BF8hccYAi7Lbr%2FE2IyLXweuJRyoSE0NhS%2BefsSM9ZVFsr4B1Wbb89OpwuEYakrdszQ1fp9odkcUg9C4fXdPOrnSTrOcfSktMUYLDnykt0jnanU4iRjlJOvcm5OlDY%2BcvI0oO4h0vgA2otVKGixgnVCvcCAwEAAaAAMA0GCSqGSIb3DQEBCwUAA4GBAD1%2B%2BPZKhkoRZXTw0vt2E2svtnnVzKH73kIS%2F7UZNKnrBgrzwFdqI8UlKC%2BBJkdksYZNXKtIPrxMpgvP%2BNMchWxrIqlrtr49kwuHRTd%2FmH4nso2%2BTRh5SwG9ghxFRQrmAUWLVfIAcqRXL0C6Kwoqpo9XgAVK%2BBAw7kYh3Xg%2BMO1F\",\"subjectCN\":\"t11\"}]\",\"signature : V4udNZAvtrasUVsPGRdgu24iVWI=\",\"PostData : [{\"serial\":\"1000000000060\"}]\",\"[{serial=1000000000060, resultCode=5000, subjectDN=CN=t11,OU=ou1,O=o1,C=KR}]\"]','valid','2017-09-26 13:15:47',NULL),(19,4,NULL,1,'t22','t22','1000000000061','[\"create CIS_Jna instance result : 1\",\"generateKeyPair result : 1\",\"pprikeyLen length : 635\",\"signature : 5fSEh1pOO6FOr1M6LXsNJM8xcME=\",\"PostData : [{\"validityPeriod\":90,\"policyName\":\"dkseo-policy\",\"pkcs10Data\":\"MIIBTTCBtwIBADAOMQwwCgYDVQQDEwN0MjIwgZ8wDQYJKoZIhvcNAQEBBQADgY0AMIGJAoGBAKGdtgy1MYwUGMsEkUUKwo2M%2FPE3XRwXiPTV%2F2IrmGrKpYn6JUQngGMvZB3rgac71qhmoMap6z%2Fl2OG0TeXl6QeXr9Lu7GVzjOLSDD9MFpSq%2FwaZ1nR12ZlKEERy8iFeCimfPasscWj4V%2FFP3bGD7AUx3y4e9fePJygbUCrTfhg9AgMBAAGgADANBgkqhkiG9w0BAQsFAAOBgQA0%2BqL32GQugtOsxp8D8iN3L%2BhHaBbFtx%2Bvwd3ZXw3uxajjgLkfsAOF5askXKqFSKsdDJUl0rDsFXY%2BFIpvsr2y1TmNohioG1Po0GZQKLGWfQ%2BTwvYiKxZChUdMizWehZNkkVuj2rsiPiI8BSUfy92Vx%2Bg1lrpgGsB8FbpNGNH4ew%3D%3D\",\"subjectCN\":\"t22\"}]\",\"signature : uPnIK3DNsVe3/8dMfn8bsoyjk/M=\",\"PostData : [{\"serial\":\"1000000000061\"}]\",\"[{serial=1000000000061, resultCode=5000, subjectDN=CN=t22,OU=ou1,O=o1,C=KR}]\"]','valid','2017-09-26 13:23:54',NULL),(20,4,NULL,1,'t333','t333','1000000000062','[\"create CIS_Jna instance result : 1\",\"generateKeyPair result : 1\",\"pprikeyLen length : 632\",\"signature : Lhbcc8DwLtNWm2G/RibCHnjTcj4=\",\"PostData : [{\"validityPeriod\":90,\"policyName\":\"dkseo-policy\",\"pkcs10Data\":\"MIIBTTCBtwIBADAPMQ0wCwYDVQQDEwR0MzMzMIGeMA0GCSqGSIb3DQEBAQUAA4GMADCBiAKBgEGl75pmSunjVxWBeE8DCB%2BICKR9L2z3eFdneaBy7AIO62BituqyRili%2FUZml7gFnJ1U974OMKriLtbW2xpi6MDexO%2Fs%2B08IygUYT4KQhj68oZFpdvIUjCWBxLqTROrBCWpIdM2nDYBttrSPRuVAnc%2FcmvhBbayzItg2F1RUlEbhAgMBAAGgADANBgkqhkiG9w0BAQsFAAOBgQAy3%2Bv8qe%2FxT4QDNRlDbi0Ic%2BPvbk7Xh1K%2BUHLtb%2BnOImUhYH2tYJFf5Vo0NWC7aeAyGZcTo9pDBtT53Jvu2yuAmGnMTuJwQKXa69L7Kkn2dqRRaLIQE%2BlRgLe3E2g3bcympK%2FgdpAFZ6Agd45BadFGEwbdr6olczkFlGiY9mWPcA%3D%3D\",\"subjectCN\":\"t333\"}]\",\"signature : kY2UIdEkO/3GVCeRMWhLMqS4uQc=\",\"PostData : [{\"serial\":\"1000000000062\"}]\",\"[{serial=1000000000062, resultCode=5000, subjectDN=CN=t333,OU=ou1,O=o1,C=KR}]\"]','valid','2017-09-26 13:24:19',NULL),(21,4,NULL,1,'tt444','tt444','1000000000063','[\"create CIS_Jna instance result : 1\",\"generateKeyPair result : 1\",\"pprikeyLen length : 634\",\"signature : YHMj78TBRjleScg6lPK9ll5xYNc=\",\"PostData : [{\"validityPeriod\":90,\"policyName\":\"dkseo-policy\",\"pkcs10Data\":\"MIIBTzCBuQIBADAQMQ4wDAYDVQQDEwV0dDQ0NDCBnzANBgkqhkiG9w0BAQEFAAOBjQAwgYkCgYEAhNdE24JgU8jYBQTleIOYO0M5XHwLHt0WDernBU7MLP7CU%2BctWBjrBve22zTIMnD97C7rTUXL%2FHqh3QxiExoz%2FGtVQ7r2Wo851WiKQMAFNtoHgpde%2BJVZC5NmoVJyUSw4jgwMaFbzDyFDbYoLJ%2BbxWpmql9tmxtz978CzSskzZZ8CAwEAAaAAMA0GCSqGSIb3DQEBCwUAA4GBAEKnAOUfC%2FgXLM6G%2BQvKbZZUSTM3paKTdX%2Fdk91xcT4kQsPwK6klcbl%2FNWluvr%2Fi7j8GkAxxJORiDQQegHhWaPU5ABQ8w9gm3%2BxVXP1Uzgwn7xdo4vJW8tpnFNu5T8HjGSF0%2FR8bXO4ns2selWdcQIseejxuz%2Bamps2iRrpUYJpj\",\"subjectCN\":\"tt444\"}]\",\"signature : dQIBYghn+NZdhyH91M5MBmNOOD8=\",\"PostData : [{\"serial\":\"1000000000063\"}]\",\"[{serial=1000000000063, resultCode=5000, subjectDN=CN=tt444,OU=ou1,O=o1,C=KR}]\"]','valid','2017-09-26 13:30:38',NULL),(22,4,NULL,1,'ttt5','ttt5','1000000000064','[\"create CIS_Jna instance result : 1\",\"generateKeyPair result : 1\",\"pprikeyLen length : 633\",\"signature : J6RmWOlw6Jd2HnEdyiGzv8n1IZM=\",\"PostData : [{\"validityPeriod\":90,\"policyName\":\"dkseo-policy\",\"pkcs10Data\":\"MIIBTjCBuAIBADAPMQ0wCwYDVQQDEwR0dHQ1MIGfMA0GCSqGSIb3DQEBAQUAA4GNADCBiQKBgQCNdRG2QiwXyxwo9lFySM2MlThbJneBzTUItoSy3tS6utvTkGMaLsKEMNhLs6IpZM1nq%2FuKUSCmOCtY5scTsYGovJyykwsBV02nM%2BeVxXslN14UMhg7Yhwp%2F9z21S6JJ1bUBCOsPTojk89G4zskmPrXyC%2F%2BWymkB7sfGmJ2h%2BtLrQIDAQABoAAwDQYJKoZIhvcNAQELBQADgYEAUQe4d34c4tK8gy0%2FbO1H8Kes6VdFsZm9uMQDCnEumjMbayNiOsEYrdFvMw3WA71sIXsmtLZYN7%2FgYgVV8tYvAhrmiZVvgkM70JCWhnRU5ESyG%2F00QBbB4muZQEsTAmYMj4jp35okXVu2B1mWXGCh0RBTGh0yr5Zfl0cS%2ByR%2FwqY%3D\",\"subjectCN\":\"ttt5\"}]\",\"signature : VmYlqFyGAkNZlfqBoDqriI8PL1M=\",\"PostData : [{\"serial\":\"1000000000064\"}]\",\"[{serial=1000000000064, resultCode=5000, subjectDN=CN=ttt5,OU=ou1,O=o1,C=KR}]\"]','valid','2017-09-26 13:35:18',NULL),(23,4,NULL,1,'ttt666','ttt666','1000000000065','[\"create CIS_Jna instance result : 1\",\"generateKeyPair result : 1\",\"pprikeyLen length : 632\",\"signature : hf/83pHlR+xGAv0SASSuDdSPbug=\",\"PostData : [{\"validityPeriod\":90,\"policyName\":\"dkseo-policy\",\"pkcs10Data\":\"MIIBTzCBuQIBADARMQ8wDQYDVQQDEwZ0dHQ2NjYwgZ4wDQYJKoZIhvcNAQEBBQADgYwAMIGIAoGAXJawKLLVKBBRqRzYxIWArr1QPnt60GtF3KF4Uy5yhtH0cZ%2FOcs0hupUP8ylwAO6vPq%2BCzNB370%2FM7sW9fA52Zp0I%2BL6MywX%2Foe6wpVIvx5zEeZXn6kMVa0Ob%2Ftui0uHrSi6l4IJ9n1lsb37Ak8KKWkjUF6BimNmZTt3n%2Bhs2%2BXECAwEAAaAAMA0GCSqGSIb3DQEBCwUAA4GBABprouEhrbVWEMEwND7uN2Y6lN1seGtls5nd4plsD784vPLnfDpIuh%2BFS2wMtPOvWxhMSUa9BBEWeCoZAMaqCAcNPMmC0FB%2BZXgLZzt9I%2FyT7a8fVjRMZl7auStGqnvOR%2Bibg%2BhJRB4eaFV2Sen65KEstnc%2Frsf3Fel%2FC7IVdNWP\",\"subjectCN\":\"ttt666\"}]\",\"signature : smgyvc3noNP3c796TCCZqCxzw6E=\",\"PostData : [{\"serial\":\"1000000000065\"}]\",\"[{serial=1000000000065, resultCode=5000, subjectDN=CN=ttt666,OU=ou1,O=o1,C=KR}]\"]','valid','2017-09-26 13:36:05',NULL),(24,4,NULL,1,'tt77','tt77','1000000000066','[\"create CIS_Jna instance result : 1\",\"generateKeyPair result : 1\",\"pprikeyLen length : 632\",\"signature : fiSfE68Q6smU4GA6OyOShDv9lLU=\",\"PostData : [{\"validityPeriod\":90,\"policyName\":\"dkseo-policy\",\"pkcs10Data\":\"MIIBTTCBtwIBADAPMQ0wCwYDVQQDEwR0dDc3MIGeMA0GCSqGSIb3DQEBAQUAA4GMADCBiAKBgHnJN31YmcFcXkuieazxmde6hXuuzzG0C4RByUwTIK5weQtpZdVoFyzazNTVQKOMLIOwd08tk%2BsONmmqvkIlLKqWDf0RlU65x2wa%2FaGN3qIb150Q0fV4MDe2yuwIY4UCbBKwVLtDwG1ryhXN4Bs81%2BPpv%2BGiEBmPbQawWmcY6GlRAgMBAAGgADANBgkqhkiG9w0BAQsFAAOBgQBruUf%2Be%2Fvdfz1jkhW1xIUHP5UYtVJs2mJZ%2B14ym4Bidfr2BTD%2Bq1CSbDYXv6zQB17WbCJAFgZPXSjeJfZzyHYslHtAeTjJRjVaYYea1P%2BS0WMhtC%2BcFWtFS3bFLUkD%2FalNk06iCSUM4mfvWuHtUxZFMjpMt9%2FeOxwzThDT95ukWg%3D%3D\",\"subjectCN\":\"tt77\"}]\",\"signature : CXdg+xjAPopYVBx0kyuNVkYiMdw=\",\"PostData : [{\"serial\":\"1000000000066\"}]\",\"[{serial=1000000000066, resultCode=5000, subjectDN=CN=tt77,OU=ou1,O=o1,C=KR}]\"]','valid','2017-09-26 13:38:28',NULL),(25,4,NULL,1,'t66u78','t66u78','1000000000067','[\"create CIS_Jna instance result : 1\",\"generateKeyPair result : 1\",\"pprikeyLen length : 634\",\"signature : ucLlwVaYHa4Z7lb3Sh40CnQtBBQ=\",\"PostData : [{\"validityPeriod\":90,\"policyName\":\"dkseo-policy\",\"pkcs10Data\":\"MIIBUDCBugIBADARMQ8wDQYDVQQDEwZ0NjZ1NzgwgZ8wDQYJKoZIhvcNAQEBBQADgY0AMIGJAoGBAI5%2BJCJY%2BhYLkoxMAowlEyUc3QdSZDIBMwae%2FZBhaKCKqgj8Xoz0LXtzbTKMBWtwWlMu%2BhZj9CEZSMTo8YWqXHRduwbJhaD6XqVOXl6I8PsOn40Lntn014lg9V3fBNCH3QyzOETtk0PHzecBT3POR3txfgpU4%2BCrVj99g5FMjQW9AgMBAAGgADANBgkqhkiG9w0BAQsFAAOBgQArgU7UyVyk%2B45aVSerzguldZM0BSDNcdTP1pArFruH1UBA4nVPSqi0YQxx6DWrRANe3CvIqnJDwDEIQFij%2FnUx7ppL8BNJ%2Ba5WBvLJuNmptYNxOzt%2FowQnj0RjXDiwWcy2N93LO1RxTI5Ka%2BkXzrqSo0cue2KIxHB6oJKV%2ByBySQ%3D%3D\",\"subjectCN\":\"t66u78\"}]\",\"signature : DdHkzm5ytINtn80+/r0k/0hF1e0=\",\"PostData : [{\"serial\":\"1000000000067\"}]\",\"[{serial=1000000000067, resultCode=5000, subjectDN=CN=t66u78,OU=ou1,O=o1,C=KR}]\"]','valid','2017-09-26 13:41:16',NULL),(26,4,NULL,1,'t789','t789','1000000000068','[\"create CIS_Jna instance result : 1\",\"generateKeyPair result : 1\",\"pprikeyLen length : 632\",\"signature : W6eyQ/jI0QWjCoNzCkoi6DC59nU=\",\"PostData : [{\"validityPeriod\":90,\"policyName\":\"dkseo-policy\",\"pkcs10Data\":\"MIIBTTCBtwIBADAPMQ0wCwYDVQQDEwR0Nzg5MIGeMA0GCSqGSIb3DQEBAQUAA4GMADCBiAKBgHOzC6t0S7%2FSzuERA%2FdG2XNjRYglN%2BL0GWyZEaaxrEiuMIVywFVrHqvPEbU69zT9st2w7jgVKO4vC4kdrwckX4VSI6mqw0Q%2Fqpuq59xqIS7%2F3nrdrLsa%2Fd3Y7qEnc%2FMyf7xHAE3WCXdZD5idORypjDl13E%2BuJ%2FpE%2BDNQ6qsBp8KlAgMBAAGgADANBgkqhkiG9w0BAQsFAAOBgQAeoateGrkzEL%2BsRPOi7Yc4x2zKnGWPKdrY04FUckZbPUAqyAVzKtDvwP0OwXWcpyqXUZz4c39jqPGVL9S%2FiQ1j%2FX1%2FiE7dhauIvjuOf%2BuY6ZiVkmuzAahF%2FKMlGArJ4evj56uDOb%2BCsAuy3hkPj5ozNL4W78NpkcNM7Gtmu1MfpA%3D%3D\",\"subjectCN\":\"t789\"}]\",\"signature : T/WoRJb9dQxX8rUg9M1c1cFyDVk=\",\"PostData : [{\"serial\":\"1000000000068\"}]\",\"[{serial=1000000000068, resultCode=5000, subjectDN=CN=t789,OU=ou1,O=o1,C=KR}]\"]','valid','2017-09-26 13:42:19',NULL),(27,4,NULL,1,'tese034','tese034','1000000000069','[\"create CIS_Jna instance result : 1\",\"generateKeyPair result : 1\",\"pprikeyLen length : 635\",\"signature : YFgO7skNDjurmbZnX8sG9aaPsi8=\",\"PostData : [{\"validityPeriod\":90,\"policyName\":\"dkseo-policy\",\"pkcs10Data\":\"MIIBUTCBuwIBADASMRAwDgYDVQQDEwd0ZXNlMDM0MIGfMA0GCSqGSIb3DQEBAQUAA4GNADCBiQKBgQDpj06bg7vS%2BadWziLNk5LMdEx%2FYCbc5EPaApT0Jj8TJ0FTALb3KNYVU5o2YFEhufwTAU%2BNhUw87PIDGaNVweqLwrfOn8a6bA4uH9yUwPsv%2BmDIQ7pGVgk1rKzR4uFTYE73krFpu1hULXr6fmC18EbRhuKV%2F407sUqqi6XYF1z3%2BwIDAQABoAAwDQYJKoZIhvcNAQELBQADgYEAOkZZDWIt1BJAayT7qyWCxurMF8AjZoR5DAMw6ttl1VypECUIqCjn38ib2o1DYZjBm5crchItG1cgIgz0mBQgZshZ5bakf%2BCw3HRVewsbQ0eV3jhCvivhMkKBuz2Bc1DMrA7kwXezYgw%2F%2BEdTAkwRCx0cFU9TLJOPgz%2BWTn%2BrW4M%3D\",\"subjectCN\":\"tese034\"}]\",\"signature : AA/SYWdCeqHFX5Mt4tnzuH6ldCY=\",\"PostData : [{\"serial\":\"1000000000069\"}]\",\"[{serial=1000000000069, resultCode=5000, subjectDN=CN=tese034,OU=ou1,O=o1,C=KR}]\"]','valid','2017-09-26 13:42:59',NULL),(28,4,NULL,1,'t7654','t7654','1000000000070','[\"create CIS_Jna instance result : 1\",\"generateKeyPair result : 1\",\"pprikeyLen length : 633\",\"signature : vB9XXW3aBC/93qHeVkC+HM+0h60=\",\"PostData : [{\"validityPeriod\":90,\"policyName\":\"dkseo-policy\",\"pkcs10Data\":\"MIIBTjCBuAIBADAQMQ4wDAYDVQQDEwV0NzY1NDCBnjANBgkqhkiG9w0BAQEFAAOBjAAwgYgCgYBVa6VtmfKb6vprHBpnKoG8qf43AoqzSJ1tKtLhd72QAyqWBy2DjlVXOu6HzL9SwUoAEgEPURQXDoJmE8uA5RRfQQOiJtmDjX2fzD7x2jss6ILspBj0Nu34jrUXj0ShPHHRISGcCi3zMyy0Srx%2B63uzvpXT04bgOdsNkYPWobAQKwIDAQABoAAwDQYJKoZIhvcNAQELBQADgYEAU4rLwdCL4hmMpGysWXvyUPsPqv1TSce0SvUKFNY8EH82ujx6CefezcFokQYVPr7LriVfRExyKE4YpyVtSdfRIqzlbmqYV0mjm8oZtPiyW6CyAkq9yjMBSDCqtKnEME36LhgjfMaEHPOkixJhkVZUctz8XLFZVF4orodOlbUNGuI%3D\",\"subjectCN\":\"t7654\"}]\",\"signature : KUuHu3CN9hFnu9xbnxZNNFuMUa8=\",\"PostData : [{\"serial\":\"1000000000070\"}]\",\"[{serial=1000000000070, resultCode=5000, subjectDN=CN=t7654,OU=ou1,O=o1,C=KR}]\"]','valid','2017-09-26 13:50:18',NULL),(29,4,NULL,1,'few37','few37','1000000000071','[\"create CIS_Jna instance result : 1\",\"generateKeyPair result : 1\",\"pprikeyLen length : 632\",\"signature : SPg69bIUdGxaVtZP8BwjABiNrcM=\",\"PostData : [{\"validityPeriod\":90,\"policyName\":\"dkseo-policy\",\"pkcs10Data\":\"MIIBTjCBuAIBADAQMQ4wDAYDVQQDEwVmZXczNzCBnjANBgkqhkiG9w0BAQEFAAOBjAAwgYgCgYBpDP3fEQJmdx0nCfz11yEQp5sQge%2Ft5sxcTjFYYb50q37waI7f5hIdSIhqubGDCe4S7GwyGprwqscwDpzBFmZP3EzGnD7PVdXXeBJpncUYIddnu8kBrCsXrnhqSkLPNRUbQJEBPx0wIgZp5MMyp%2F9%2FxCLTG3xA1gopzQ5x2RVsJwIDAQABoAAwDQYJKoZIhvcNAQELBQADgYEAWW3BE72D8R6L60HWkxUkkvsEZ%2FHKnRoyZhqk4KKtKH%2F2HUWO6EimshVgIMyBHAf8vajF7p4ehIpDx73dfbkprziYjBeVvwZADt%2BDh1AnSS%2B7TrRlVxYNOxFg9MfYrv48x2xNAM7W%2BAikwZIuKoyWBZ%2FTEAedNI7RT%2Bm%2BC8yQH48%3D\",\"subjectCN\":\"few37\"}]\",\"signature : IVPZd0X8NmB8C+nKBqq7tXjrq9w=\",\"PostData : [{\"serial\":\"1000000000071\"}]\",\"[{serial=1000000000071, resultCode=5000, subjectDN=CN=few37,OU=ou1,O=o1,C=KR}]\"]','revoked','2017-09-26 13:55:34','2017-09-26 16:16:06'),(30,7,NULL,19,'dkseoCert3','dkseoCert3','1000000000075','[\"create CIS_Jna instance result : 1\",\"generateKeyPair result : 1\",\"pprikeyLen length : 633\",\"signature : e63uhG/xRMSabY4PE9mnoWcnbak=\",\"PostData : [{\"validityPeriod\":90,\"policyName\":\"dkseo-policy\",\"pkcs10Data\":\"MIIBVDCBvgIBADAVMRMwEQYDVQQDEwpka3Nlb0NlcnQzMIGfMA0GCSqGSIb3DQEBAQUAA4GNADCBiQKBgQCHk9PMLcRVrd%2B27jYrW%2BJOoG9I1Gif0J3MEnR%2BN6ZNERV9na3KAwynYtr3M6hL8ttcyQYGnrSfI5JxUl4%2BLhVFdBW93yZZ1JJL8X2NqD703oMU7GCxXcYizn4mQEQHjoVed9%2BAi7e7KoaIDL33fs4yBhu198OeI%2FrJgQcpHoH4mwIDAQABoAAwDQYJKoZIhvcNAQELBQADgYEASTWVuhW9Qt78JJRKDtN8yITBlUwhctpUbnfYeaaBEYBe9hEgHIpBnEwDnh9Y1IJliTPnD9BK10wPBnRyGdcjEARDc2Fii3jCoLmqpVH5v%2BkUa8bqZdeIXB4AaugnJHUQCdSMpFXiSS8eA4w3UWWuBkXP3kJ91BBAtnfu1B8s6s8%3D\",\"subjectCN\":\"dkseoCert3\"}]\",\"signature : Xc5SGkCKWAQ1dnNse3dtQOXuaOI=\",\"PostData : [{\"serial\":\"1000000000075\"}]\",\"[{serial=1000000000075, resultCode=5000, subjectDN=CN=dkseoCert3,OU=ou1,O=o1,C=KR}]\"]','revoked','2017-09-27 02:08:06','2017-09-27 02:11:04'),(31,7,NULL,19,'dkseoCert4','dkseoCert4','1000000000076','[\"create CIS_Jna instance result : 1\",\"generateKeyPair result : 1\",\"pprikeyLen length : 634\",\"signature : /S0YhPNHWyBneTWnYvjDc+vRsE4=\",\"PostData : [{\"validityPeriod\":90,\"policyName\":\"dkseo-policy\",\"pkcs10Data\":\"MIIBVDCBvgIBADAVMRMwEQYDVQQDEwpka3Nlb0NlcnQ0MIGfMA0GCSqGSIb3DQEBAQUAA4GNADCBiQKBgQCJwS2Ap0oKAlv7%2B%2FOKsuYDaIwqiGEnivWKLXX5vTw65PywfdfWAcOPRpFS%2Fw4bcn5dGdJBMeN5VgJT7elKbnFDCmz2ZC0VYGBiz1nx9oM26x2rOIc1KljtNwfTTbHdtafeE4y5yvHE%2FegM8WDd%2BXkdvb1Z59SQ4aWx0fV4oA1UqwIDAQABoAAwDQYJKoZIhvcNAQELBQADgYEAVxbBMtLJ%2BUiJTA73nqpBFDNvV1qoHPVFIuKmk%2Bth%2BQtKgkHho%2B%2Fvltw7mPIYK3lf7zckouyUjAHWJlyxPRsBrrSl0gvHBqJtvGtQ92O9%2FMgF60GJZ9uKLnlOcIf%2BnhrF9OekSf4onYVISmetTJHn%2BTLvkxWb%2BQDiJjIumwWtKcc%3D\",\"subjectCN\":\"dkseoCert4\"}]\",\"signature : 0p9Ts3KRXaJEEoEMXptk8LV3+7M=\",\"PostData : [{\"serial\":\"1000000000076\"}]\",\"[{serial=1000000000076, resultCode=5000, subjectDN=CN=dkseoCert4,OU=ou1,O=o1,C=KR}]\"]','valid','2017-09-27 02:09:20',NULL),(32,7,NULL,19,'dkseoCert5','dkseoCert5','1000000000077','[\"create CIS_Jna instance result : 1\",\"generateKeyPair result : 1\",\"pprikeyLen length : 632\",\"signature : oUrZWHDGVrVWbUF1FA0y0d0euaE=\",\"PostData : [{\"validityPeriod\":90,\"policyName\":\"dkseo-policy\",\"pkcs10Data\":\"MIIBUzCBvQIBADAVMRMwEQYDVQQDEwpka3Nlb0NlcnQ1MIGeMA0GCSqGSIb3DQEBAQUAA4GMADCBiAKBgHBj8a8%2FnGGRRV3pXGmafbE3lM4Ds5bhNu79Tzr31aY5SBGFj8zQ3a0jo1wPasrdHqf%2BF4lVpu6xBfDbC3GUJG3i5uc05vVeJbk2QPEufMgG6yo0fvyTSH6msraDt2pIhPmiz8kogi3Il6Y%2F9o%2F6LhOe9tsAr0H0rfx42Svlx%2FydAgMBAAGgADANBgkqhkiG9w0BAQsFAAOBgQBCSRIYusJ4wpJ0A9h27qYaOSV87tssprhzItgR2%2BYfFTVgNwlC3uFHxXlMUM1ewxv55og2h8EofWjvvW3v6zsyaVWVysgsCINz32uG8Ofol1hEJAxo9SyOpoK9kz3OZGwqA3bHAopBDIuHu7ylG8ggWIiJWCGX3P%2FwKCaSeliZ5Q%3D%3D\",\"subjectCN\":\"dkseoCert5\"}]\",\"signature : ACs/jkJF/EMixTCaXz6bD2/K+Jg=\",\"PostData : [{\"serial\":\"1000000000077\"}]\",\"[{serial=1000000000077, resultCode=5000, subjectDN=CN=dkseoCert5,OU=ou1,O=o1,C=KR}]\"]','valid','2017-09-27 02:10:16',NULL),(33,7,NULL,19,'q11','q11','1000000000078','[\"create CIS_Jna instance result : 1\",\"generateKeyPair result : 1\",\"pprikeyLen length : 632\",\"signature : l9gX3fLXbSmxFaNtcqPqtgAUy/c=\",\"PostData : [{\"validityPeriod\":90,\"policyName\":\"dkseo-policy\",\"pkcs10Data\":\"MIIBTDCBtgIBADAOMQwwCgYDVQQDEwNxMTEwgZ4wDQYJKoZIhvcNAQEBBQADgYwAMIGIAoGAXeaf2991Ng1At4DfuiA7q6HxPMlwZBy7G0zQOF3GCetGLdL8wQLwO0RukCD38o8A0RcBi4m69JYvs52lXr2%2BNi1RtdPrDASqNhBllNU9gfI1anbXT2BCJUho%2FhfoPKipGAusUi28beXvpvJ5abBJCk68iH%2BOusePKfZcmmiCeKcCAwEAAaAAMA0GCSqGSIb3DQEBCwUAA4GBACqedON7Yye4C1CUjGr2oLDNi6%2F8s2HBoe6aW%2FwoBIqgqku7U76LmtHTfdNhR%2FlRN8azw1kZl281cWAcaeemhJchg%2FvJ%2Fjx97JSjZW%2B8cl%2B%2FYNxkRoRAQ9l%2FEouZKnBT9tpIdLrriVP%2BtaRwO8k8%2FRSru37ePPMSkt5XoKeFDtTS\",\"subjectCN\":\"q11\"}]\",\"signature : vXMfoP9i04U2pei5+m0zxZusbyE=\",\"PostData : [{\"serial\":\"1000000000078\"}]\",\"[{serial=1000000000078, resultCode=5000, subjectDN=CN=q11,OU=ou1,O=o1,C=KR}]\"]','revoked','2017-09-27 15:37:26','2017-09-28 00:15:20'),(34,7,NULL,19,'qwe123','qwe123','1000000000078','[\"create CIS_Jna instance result : 1\",\"generateKeyPair result : 1\",\"pprikeyLen length : 633\",\"signature : ehBEVDDtcDRc7WWz5RZnpndSpZs=\",\"PostData : [{\"validityPeriod\":90,\"policyName\":\"dkseo-policy\",\"pkcs10Data\":\"MIIBUDCBugIBADARMQ8wDQYDVQQDEwZxd2UxMjMwgZ8wDQYJKoZIhvcNAQEBBQADgY0AMIGJAoGBAKgnf%2FfnPVkZcRNHcqvW%2Fo%2Bozb6XtnEUkkkjRz1MvFuJwiFBMefI1pfnKCe%2BFoAHUSF9SBBUusaL2OxrObd%2FN8DVYseptAfJCyLGlPu8I9ajglvsel3US62RhUCR6wuv5cbQVJrfdSCRtIlCoLJqprEB69dbvzKdm%2B4XNyyuEBapAgMBAAGgADANBgkqhkiG9w0BAQsFAAOBgQCelgBmdYqclJZNJat5So2eOCEGt%2B%2FOU%2BpUNRi75ISCF489obwaib%2FlqZM%2FYolKQMOqxYNtACAhGzGiMRj6xZTqRpm5xHu71Qtx0rLUiPvIiCE23%2F4xkeHM0aRrlOxNv6JJ2kGiq7pcGBnKG4MdZSaQWjB0O7wQyicMYDJRzC2L1g%3D%3D\",\"subjectCN\":\"qwe123\"}]\",\"signature : vXMfoP9i04U2pei5+m0zxZusbyE=\",\"PostData : [{\"serial\":\"1000000000078\"}]\",\"[{serial=1000000000078, resultCode=5000, subjectDN=CN=qwe123,OU=ou1,O=o1,C=KR}]\"]','valid','2017-09-28 00:21:44',NULL),(44,8,11,19,'test1','test1','rseApplication',NULL,'valid','2017-09-28 07:49:18',NULL),(45,8,9,19,'pseu_test111','pseu_test111','pseudonym',NULL,'valid','2017-09-28 07:50:27',NULL),(46,8,11,19,'test2','test2','rseApplication',NULL,'valid','2017-09-28 08:31:08',NULL),(47,8,11,19,'ttt111','ttt111','rseApplication',NULL,'valid','2017-09-28 08:45:51',NULL),(48,8,11,19,'dkseo1234','dkseo1234','rseApplication',NULL,'valid','2017-09-28 08:46:31',NULL),(49,8,9,19,'ppp222','ppp222','pseudonym',NULL,'valid','2017-09-28 08:47:41',NULL),(50,8,4,19,'engCert','engCert','rseApplication',NULL,'valid','2017-09-28 08:51:00',NULL),(51,8,11,19,'test','test','rseApplication',NULL,'valid','2017-09-28 10:09:53',NULL),(52,8,10,19,'zaq123','zaq123','rseApplication',NULL,'valid','2017-09-28 10:25:26',NULL),(53,8,8,19,'rewq11','rewq11','identification',NULL,'valid','2017-09-28 10:28:14',NULL);
/*!40000 ALTER TABLE `certificates` ENABLE KEYS */;
UNLOCK TABLES;

--
-- Table structure for table `domain`
--

DROP TABLE IF EXISTS `domain`;
/*!40101 SET @saved_cs_client     = @@character_set_client */;
/*!40101 SET character_set_client = utf8 */;
CREATE TABLE `domain` (
  `domain_idx` int(10) unsigned NOT NULL AUTO_INCREMENT,
  `user_idx` int(10) unsigned NOT NULL,
  `domain_name` varchar(128) NOT NULL,
  `domain_name_origin` varchar(128) NOT NULL,
  `domain_type` enum('car','factory','iot','ssl') NOT NULL,
  `register_date` timestamp NOT NULL DEFAULT CURRENT_TIMESTAMP,
  PRIMARY KEY (`domain_idx`),
  KEY `user_idx` (`user_idx`),
  CONSTRAINT `domain_ibfk_1` FOREIGN KEY (`user_idx`) REFERENCES `user` (`user_idx`) ON DELETE CASCADE ON UPDATE CASCADE
) ENGINE=InnoDB AUTO_INCREMENT=13 DEFAULT CHARSET=utf8;
/*!40101 SET character_set_client = @saved_cs_client */;

--
-- Dumping data for table `domain`
--

LOCK TABLES `domain` WRITE;
/*!40000 ALTER TABLE `domain` DISABLE KEYS */;
INSERT INTO `domain` VALUES (1,1,'test','test','car','2017-09-24 06:48:56'),(2,1,'test(1)','test','factory','2017-09-24 06:49:10'),(3,1,'dkseo','dkseo','iot','2017-09-24 06:49:36'),(4,1,'test-factory','test-factory','factory','2017-09-25 07:11:54'),(5,1,'ttt','ttt','factory','2017-09-26 12:03:07'),(7,19,'dkseo-factory','dkseo-factory','factory','2017-09-27 01:52:47'),(8,19,'SmartCAR','SmartCAR','car','2017-09-27 06:25:41'),(9,19,'zzz','zzz','factory','2017-09-28 17:19:57'),(10,19,'ccc','ccc','car','2017-09-28 17:20:06'),(11,19,'ccc(1)','ccc','car','2017-09-28 17:20:34'),(12,19,'zzz(1)','zzz','factory','2017-09-28 17:20:44');
/*!40000 ALTER TABLE `domain` ENABLE KEYS */;
UNLOCK TABLES;

--
-- Table structure for table `domain_device`
--

DROP TABLE IF EXISTS `domain_device`;
/*!40101 SET @saved_cs_client     = @@character_set_client */;
/*!40101 SET character_set_client = utf8 */;
CREATE TABLE `domain_device` (
  `device_idx` int(11) NOT NULL AUTO_INCREMENT,
  `domain_idx` int(11) NOT NULL,
  `device_name` varchar(128) NOT NULL,
  `device_name_origin` varchar(128) NOT NULL,
  `device_type` enum('car','infra') NOT NULL,
  `register_date` timestamp NOT NULL DEFAULT CURRENT_TIMESTAMP,
  PRIMARY KEY (`device_idx`),
  KEY `domain_idx` (`domain_idx`)
) ENGINE=InnoDB AUTO_INCREMENT=12 DEFAULT CHARSET=utf8 COMMENT='1609.2용도';
/*!40101 SET character_set_client = @saved_cs_client */;

--
-- Dumping data for table `domain_device`
--

LOCK TABLES `domain_device` WRITE;
/*!40000 ALTER TABLE `domain_device` DISABLE KEYS */;
INSERT INTO `domain_device` VALUES (2,8,'first','first','car','2017-09-27 12:51:23'),(3,8,'first-1','first','car','2017-09-27 12:51:36'),(4,8,'전봇대','전봇대','infra','2017-09-27 13:05:11'),(5,8,'tes222','tes222','car','2017-09-28 01:38:47'),(6,8,'test333','test333','car','2017-09-28 01:50:44'),(7,8,'','','','2017-09-28 02:07:17'),(8,8,'test66','test66','car','2017-09-28 02:09:43'),(9,8,'test666','test666','car','2017-09-28 02:13:13'),(10,8,'test77','test77','infra','2017-09-28 02:13:36'),(11,8,'test888','test888','infra','2017-09-28 02:14:20');
/*!40000 ALTER TABLE `domain_device` ENABLE KEYS */;
UNLOCK TABLES;

--
-- Table structure for table `user`
--

DROP TABLE IF EXISTS `user`;
/*!40101 SET @saved_cs_client     = @@character_set_client */;
/*!40101 SET character_set_client = utf8 */;
CREATE TABLE `user` (
  `user_idx` int(10) unsigned NOT NULL AUTO_INCREMENT,
  `user_id` varchar(40) NOT NULL,
  `user_name` varchar(128) NOT NULL,
  `user_password` varchar(128) NOT NULL,
  `user_email` varchar(128) NOT NULL,
  `user_company` varchar(128) NOT NULL,
  `email_validity` tinyint(1) DEFAULT NULL,
  `user_status` enum('0','1','2','3') DEFAULT NULL,
  `x509_policy_name` varchar(128) NOT NULL,
  `register_date` timestamp NOT NULL DEFAULT CURRENT_TIMESTAMP,
  PRIMARY KEY (`user_idx`),
  UNIQUE KEY `user_id` (`user_id`)
) ENGINE=InnoDB AUTO_INCREMENT=21 DEFAULT CHARSET=utf8;
/*!40101 SET character_set_client = @saved_cs_client */;

--
-- Dumping data for table `user`
--

LOCK TABLES `user` WRITE;
/*!40000 ALTER TABLE `user` DISABLE KEYS */;
INSERT INTO `user` VALUES (1,'admin','admin','*592C7F6C8ACD5E7B11EBD54BEE7FA3A86582E610','dkseo@weiof.com','penta',NULL,NULL,'dkseo-policy','2017-09-22 07:03:27'),(4,'admin1','dkseo1','*592C7F6C8ACD5E7B11EBD54BEE7FA3A86582E610','dkwf@eiof.com','test',NULL,NULL,'','2017-09-24 15:49:41'),(6,'admin2','test','*592C7F6C8ACD5E7B11EBD54BEE7FA3A86582E610','ttest@wef.com','tttt',NULL,NULL,'','2017-09-24 15:54:35'),(13,'admin3','testset','*592C7F6C8ACD5E7B11EBD54BEE7FA3A86582E610','dkowef@ewio.com','efffs',NULL,NULL,'','2017-09-24 16:07:05'),(14,'admin4','test','*592C7F6C8ACD5E7B11EBD54BEE7FA3A86582E610','weff@iwoe.com','testtest',NULL,NULL,'','2017-09-24 16:08:14'),(15,'admin5','aaa','*592C7F6C8ACD5E7B11EBD54BEE7FA3A86582E610','dwef@ewof.com','penpen',NULL,NULL,'','2017-09-24 16:36:16'),(16,'admin6','test','*592C7F6C8ACD5E7B11EBD54BEE7FA3A86582E610','ewiof@ewiof.com','dkseocom',NULL,NULL,'','2017-09-24 17:26:52'),(17,'admin7','test','*592C7F6C8ACD5E7B11EBD54BEE7FA3A86582E610','wfiwef@ewof.com','ttt',NULL,NULL,'','2017-09-24 18:03:57'),(18,'admin8','test','*592C7F6C8ACD5E7B11EBD54BEE7FA3A86582E610','wfiwef@ewof.com1','ttt',NULL,NULL,'','2017-09-24 18:20:23'),(19,'dkseo','dkseo','*592C7F6C8ACD5E7B11EBD54BEE7FA3A86582E610','dkseo@ef.com','dkseo',NULL,'1','dkseo-policy','2017-09-27 01:50:13'),(20,'dkseo1','dkseo1','*592C7F6C8ACD5E7B11EBD54BEE7FA3A86582E610','dkseoqw3@fow.com','dkseo',NULL,NULL,'','2017-09-27 06:18:54');
/*!40000 ALTER TABLE `user` ENABLE KEYS */;
UNLOCK TABLES;
/*!40103 SET TIME_ZONE=@OLD_TIME_ZONE */;

/*!40101 SET SQL_MODE=@OLD_SQL_MODE */;
/*!40014 SET FOREIGN_KEY_CHECKS=@OLD_FOREIGN_KEY_CHECKS */;
/*!40014 SET UNIQUE_CHECKS=@OLD_UNIQUE_CHECKS */;
/*!40101 SET CHARACTER_SET_CLIENT=@OLD_CHARACTER_SET_CLIENT */;
/*!40101 SET CHARACTER_SET_RESULTS=@OLD_CHARACTER_SET_RESULTS */;
/*!40101 SET COLLATION_CONNECTION=@OLD_COLLATION_CONNECTION */;
/*!40111 SET SQL_NOTES=@OLD_SQL_NOTES */;

-- Dump completed on 2017-09-28 17:23:13
